INSERT INTO PERSON VALUES('4B5E8447-02ED-414C-A00D-BBB99C028264','1991-07-14','SE','Emily Nicole',2,'Morgan','9107146991')
INSERT INTO PERSON VALUES('65634BD0-5374-40E9-953B-FC34307E1A78','1990-11-04',NULL,'Kate Alice',2,'Moneypenny','9011046365')
INSERT INTO PERSON VALUES('DA7421E6-E98D-4F4D-A94F-E0F2E4474AD5','1990-01-01','SE','Billy',1,'Thomas','9001013344')
INSERT INTO PERSON VALUES('ABEB6057-AA76-4539-B0E1-FFF44011A45D','1989-06-09',NULL,'Mary',2,'Carter','8906093845')
INSERT INTO PERSON VALUES('59E8F61B-3BB9-4A2A-8739-D61E5B174BA3','1987-04-12','SE','Carl Henry',1,'Simson','8704122398')
INSERT INTO PHONENUMBER VALUES('4D734A48-0235-4FEE-AA51-41863937E816','+45791232457',NULL,NULL)
INSERT INTO PHONENUMBER VALUES('3C70BB16-B2EC-4CC4-89CE-926A87D0F131','+4579145664',NULL,NULL)
INSERT INTO PHONENUMBER VALUES('6DC0401B-9782-4F47-8232-0F726867C7B6','+4579123245',NULL,NULL)
INSERT INTO PHONENUMBER VALUES('66901A0F-77EF-431C-9857-07F2594ECB7C','+4579145656',NULL,NULL)
INSERT INTO FLEXIBLEADDRESS VALUES('8C02CE8F-E978-45E6-97BB-BBDC16E1FD5F',NULL,'4','se',NULL,'1','Assemble city',NULL,'80920',NULL,NULL,NULL,NULL)
INSERT INTO FLEXIBLEADDRESS VALUES('BE7094BE-EDD9-410E-A62C-640EE18EC780',NULL,NULL,'se',NULL,NULL,'Assemble city',NULL,'80845',NULL,NULL,NULL,NULL)
INSERT INTO FLEXIBLEADDRESS VALUES('20CD5FFF-CD88-422B-ADC5-797F45C7E58C',NULL,NULL,NULL,NULL,NULL,NULL,'Box 123',NULL,NULL,NULL,NULL,NULL)
INSERT INTO FLEXIBLEADDRESS VALUES('D5FEC57A-827A-49E3-88A9-B2B2E17BCA59',NULL,NULL,'se',NULL,'2','Assemble city',NULL,'80920',NULL,NULL,NULL,NULL)
INSERT INTO CONTACTDETAILS VALUES('252678E5-4F25-4486-8337-4E24663DE637',NULL,NULL,'66901A0F-77EF-431C-9857-07F2594ECB7C','8C02CE8F-E978-45E6-97BB-BBDC16E1FD5F')
INSERT INTO CONTACTDETAILS VALUES('09E667E6-AE1B-417C-A34A-7403E8738455',NULL,NULL,'3C70BB16-B2EC-4CC4-89CE-926A87D0F131','D5FEC57A-827A-49E3-88A9-B2B2E17BCA59')
INSERT INTO CONTACTDETAILS VALUES('4A346D50-7B42-4295-9C55-2347B0A242F0','4D734A48-0235-4FEE-AA51-41863937E816','20CD5FFF-CD88-422B-ADC5-797F45C7E58C','6DC0401B-9782-4F47-8232-0F726867C7B6','BE7094BE-EDD9-410E-A62C-640EE18EC780')
INSERT INTO FACTSHEET VALUES('C0FC5C74-AE3D-4C32-8997-6A33500A4861','4A346D50-7B42-4295-9C55-2347B0A242F0')
INSERT INTO FACTSHEET VALUES('4C4E03E7-B35B-45CB-8C1C-2B48F03F4216','09E667E6-AE1B-417C-A34A-7403E8738455')
INSERT INTO FACTSHEET VALUES('07C8779C-8493-4F1E-BD58-B8A2D4DBED33','252678E5-4F25-4486-8337-4E24663DE637')
INSERT INTO IDENTIFICATIONITEM VALUES('32EDAC03-4399-4571-BBB1-CA176B2243AE','local','IK1234')
INSERT INTO IDENTIFICATIONITEM VALUES('7CC0414A-CD31-49B7-A77E-12AB80532C6F','erasmus','S Ikea332')
INSERT INTO IDENTIFICATIONITEM VALUES('E3A145AD-AE0C-4A1D-8E77-B7D65651274A','local','IKORG01')
INSERT INTO IDENTIFICATIONITEM VALUES('0F51AF12-4AE6-42E2-84ED-0746222A2BF5','local','IKORG02')
INSERT INTO IDENTIFICATIONITEM VALUES('E19EA687-D898-4961-ABE1-751BBE5A1523','erasmus','S Ikea331')
INSERT INTO IDENTIFICATIONITEM VALUES('30F0F169-B4CB-41D7-B311-6B74029E2822','erasmus','S Ikea01')
INSERT INTO INSTITUTION VALUES('447C78B3-53BC-4DEC-82C7-1C751FC5D517',NULL,'ikea.university.se',NULL,'C0FC5C74-AE3D-4C32-8997-6A33500A4861')
INSERT INTO LANGUAGEITEM VALUES('9731D1F7-14FE-4E8C-AF82-440F5E9E31DF','en','Department of Computing Science')
INSERT INTO LANGUAGEITEM VALUES('A1500896-2234-4599-A7FD-CD63497006B8','en','IKEA university')
INSERT INTO LANGUAGEITEM VALUES('92471840-A3C2-4965-9E25-CF80D3614180','en','http://http://www.ikeauniversity.se')
INSERT INTO LANGUAGEITEM VALUES('614B2AD2-DD0C-440E-80F2-2785EACF5366','sv','http://http://www.ikeauniversitet.se')
INSERT INTO LANGUAGEITEM VALUES('89455829-2EF9-439E-89FD-F24679E529D3','en','Department of Psychology')
INSERT INTO LANGUAGEITEM VALUES('6742C0CD-CC26-4742-962E-7AE49A3C1ED9','sv','IKEA universitet')
INSERT INTO LANGUAGEITEM VALUES('7B3DCF67-012A-4DE9-AAA7-314B422985FD','en','http://www.ikeapsychology.se')
INSERT INTO LANGUAGEITEM VALUES('FF379DA2-0D97-48DE-BA90-D8B87975D4FD','sv','http://www.ikeapsykologi.se')
INSERT INTO LANGUAGEITEM VALUES('45BDFF2C-3F87-4928-934E-F1F5963D8259','en','http://mobility-factsheet.ikea.se/orgunit1')
INSERT INTO LANGUAGEITEM VALUES('7C53CC94-AD21-435F-BDC3-0F5891B4ECB7','sv','Institutionen f\u00f6r Datavetenskap')
INSERT INTO LANGUAGEITEM VALUES('6CE594C3-A708-4D7C-AA26-238907F3D5F8','sv','Institutionen f\u00f6r psykologi')
INSERT INTO LANGUAGEITEM VALUES('449DEB1C-B995-43BE-8546-64A937367AD7','en','http://mobility-factsheet.ikea.se/ikea')
INSERT INTO LANGUAGEITEM VALUES('3A051E9A-ADF9-44DD-B7C1-1A79293E25F2','en','http://mobility-factsheet.ikea.se/orgunit2')
INSERT INTO ORGANIZATIONUNIT VALUES('8965F285-E763-IKEA-8163-C52C8B654036',NULL,NULL,'ikea.ou2.se','4C4E03E7-B35B-45CB-8C1C-2B48F03F4216')
INSERT INTO ORGANIZATIONUNIT VALUES('8965F285-E763-IKEA-8163-C52C8B654035',NULL,NULL,'ikea.ou1.se','07C8779C-8493-4F1E-BD58-B8A2D4DBED33')
INSERT INTO FLEXIBLEADDRESS_ADDRESSLINE VALUES('8C02CE8F-E978-45E6-97BB-BBDC16E1FD5F','Furniture street 11')
INSERT INTO FLEXIBLEADDRESS_ADDRESSLINE VALUES('BE7094BE-EDD9-410E-A62C-640EE18EC780','Furniture street 1')
INSERT INTO FLEXIBLEADDRESS_ADDRESSLINE VALUES('BE7094BE-EDD9-410E-A62C-640EE18EC780','1st floor')
INSERT INTO FLEXIBLEADDRESS_ADDRESSLINE VALUES('D5FEC57A-827A-49E3-88A9-B2B2E17BCA59','Furniture street 12')
INSERT INTO CONTACT_URL VALUES('252678E5-4F25-4486-8337-4E24663DE637','FF379DA2-0D97-48DE-BA90-D8B87975D4FD')
INSERT INTO CONTACT_URL VALUES('252678E5-4F25-4486-8337-4E24663DE637','7B3DCF67-012A-4DE9-AAA7-314B422985FD')
INSERT INTO CONTACT_URL VALUES('4A346D50-7B42-4295-9C55-2347B0A242F0','614B2AD2-DD0C-440E-80F2-2785EACF5366')
INSERT INTO CONTACT_URL VALUES('4A346D50-7B42-4295-9C55-2347B0A242F0','92471840-A3C2-4965-9E25-CF80D3614180')
INSERT INTO CONTACTDETAILS_EMAIL VALUES('4A346D50-7B42-4295-9C55-2347B0A242F0','info@ikea.university.se')
INSERT INTO FACT_SHEET_URL VALUES('C0FC5C74-AE3D-4C32-8997-6A33500A4861','449DEB1C-B995-43BE-8546-64A937367AD7')
INSERT INTO FACT_SHEET_URL VALUES('4C4E03E7-B35B-45CB-8C1C-2B48F03F4216','3A051E9A-ADF9-44DD-B7C1-1A79293E25F2')
INSERT INTO FACT_SHEET_URL VALUES('07C8779C-8493-4F1E-BD58-B8A2D4DBED33','45BDFF2C-3F87-4928-934E-F1F5963D8259')
INSERT INTO INSTITUTION_NAME VALUES('447C78B3-53BC-4DEC-82C7-1C751FC5D517','6742C0CD-CC26-4742-962E-7AE49A3C1ED9')
INSERT INTO INSTITUTION_NAME VALUES('447C78B3-53BC-4DEC-82C7-1C751FC5D517','A1500896-2234-4599-A7FD-CD63497006B8')
INSERT INTO INST_ORG_UNIT VALUES('447C78B3-53BC-4DEC-82C7-1C751FC5D517','8965F285-E763-IKEA-8163-C52C8B654035')
INSERT INTO INST_ORG_UNIT VALUES('447C78B3-53BC-4DEC-82C7-1C751FC5D517','8965F285-E763-IKEA-8163-C52C8B654036')
INSERT INTO INST_OTHER_ID VALUES('447C78B3-53BC-4DEC-82C7-1C751FC5D517','30F0F169-B4CB-41D7-B311-6B74029E2822')
INSERT INTO INST_OTHER_ID VALUES('447C78B3-53BC-4DEC-82C7-1C751FC5D517','32EDAC03-4399-4571-BBB1-CA176B2243AE')
INSERT INTO ORGANIZATION_UNIT_NAME VALUES('8965F285-E763-IKEA-8163-C52C8B654036','7C53CC94-AD21-435F-BDC3-0F5891B4ECB7')
INSERT INTO ORGANIZATION_UNIT_NAME VALUES('8965F285-E763-IKEA-8163-C52C8B654036','9731D1F7-14FE-4E8C-AF82-440F5E9E31DF')
INSERT INTO ORGANIZATION_UNIT_NAME VALUES('8965F285-E763-IKEA-8163-C52C8B654035','6CE594C3-A708-4D7C-AA26-238907F3D5F8')
INSERT INTO ORGANIZATION_UNIT_NAME VALUES('8965F285-E763-IKEA-8163-C52C8B654035','89455829-2EF9-439E-89FD-F24679E529D3')
INSERT INTO OU_OTHER_ID VALUES('8965F285-E763-IKEA-8163-C52C8B654036','7CC0414A-CD31-49B7-A77E-12AB80532C6F')
INSERT INTO OU_OTHER_ID VALUES('8965F285-E763-IKEA-8163-C52C8B654036','0F51AF12-4AE6-42E2-84ED-0746222A2BF5')
INSERT INTO OU_OTHER_ID VALUES('8965F285-E763-IKEA-8163-C52C8B654035','E19EA687-D898-4961-ABE1-751BBE5A1523')
INSERT INTO OU_OTHER_ID VALUES('8965F285-E763-IKEA-8163-C52C8B654035','E3A145AD-AE0C-4A1D-8E77-B7D65651274A')
INSERT INTO CONTACTDETAILS VALUES('0C8FE86B-64BC-4081-890A-0FD682386DC0',NULL,NULL,NULL,NULL)
INSERT INTO CONTACT VALUES('49DCB2F7-1FB0-48CD-B066-C6BC73E333DA','ikea.university.se','8965F285-E763-IKEA-8163-C52C8B654035','INSURANCE','DA7421E6-E98D-4F4D-A94F-E0F2E4474AD5','0C8FE86B-64BC-4081-890A-0FD682386DC0')
INSERT INTO CONTACTDETAILS_EMAIL VALUES('0C8FE86B-64BC-4081-890A-0FD682386DC0','ikeauniversity@hei.ewp')
INSERT INTO CONTACT VALUES('6CD1AE26-168D-436A-B0E7-A2752F57A1C3','ikea.university.se','8965F285-E763-IKEA-8163-C52C8B654035','ADMISSION','65634BD0-5374-40E9-953B-FC34307E1A78',NULL)
INSERT INTO CONTACT VALUES('929A72DD-E4E5-4935-943A-C0D5CFFBDAF2','ikea.university.se',NULL,'ADMISSION','4B5E8447-02ED-414C-A00D-BBB99C028264',NULL)
INSERT INTO CONTACT VALUES('B0097A61-D627-474C-8359-2A9D0D5EBB69','ikea.university.se','8965F285-E763-IKEA-8163-C52C8B654035','COURSE','ABEB6057-AA76-4539-B0E1-FFF44011A45D',NULL)
INSERT INTO ACADEMICYEAR VALUES('B7C16D42-0203-423C-B18C-556DDFA6B913','2015','2014')
INSERT INTO ACADEMICYEAR VALUES('A5568A76-A9A0-4A80-90E7-843DC6B6C5D3','2014','2013')
INSERT INTO ACADEMICYEAR VALUES('C73E9D7C-B4CC-43F7-99EA-D1509B3C3F21','2019','2018')
INSERT INTO ACADEMICYEAR VALUES('00491B88-7D5E-444E-9C15-87E953BD55A3','2016','2015')
INSERT INTO ACADEMICYEAR VALUES('5A158F7A-DFF0-482D-BBFC-6CB85BCE8CFF','2012','2011')
INSERT INTO ACADEMICYEAR VALUES('6D6ECCBE-3E88-44C7-85E9-E15D4A3E7483','2017','2016')
INSERT INTO ACADEMICYEAR VALUES('D5944864-BFAC-4B36-BC76-BCFABC2DAD64','2018','2017')
INSERT INTO ACADEMICYEAR VALUES('5D636A3D-4C8A-427D-9140-BEC66B4AA0EA','2013','2012')
INSERT INTO PHONENUMBER VALUES('78743F71-DF2A-4223-B083-D2730D8C4AED','+4679123456',NULL,NULL)
INSERT INTO FLEXIBLEADDRESS VALUES('6B0E4ADC-D8B1-40F6-A518-6985C5DDAA18',NULL,NULL,NULL,NULL,NULL,NULL,NULL,NULL,NULL,NULL,NULL,NULL)
INSERT INTO CONTACTDETAILS VALUES('1BA6E5F2-519A-4B53-8877-55C94935AEAC',NULL,NULL,'78743F71-DF2A-4223-B083-D2730D8C4AED','6B0E4ADC-D8B1-40F6-A518-6985C5DDAA18')
INSERT INTO MOBILITYPARTICIPANT VALUES('8965F285-E763-IKEA-STUD-C52C8B654030','1BA6E5F2-519A-4B53-8877-55C94935AEAC','65634BD0-5374-40E9-953B-FC34307E1A78')
INSERT INTO FLEXIBLEADDRESS_ADDRESSLINE VALUES('6B0E4ADC-D8B1-40F6-A518-6985C5DDAA18','Student street 53')
INSERT INTO CONTACTDETAILS_EMAIL VALUES('1BA6E5F2-519A-4B53-8877-55C94935AEAC','kate@mymail.com')
INSERT INTO ACADEMICTERM VALUES('2FCA750C-1630-477C-AA8E-D9E031150892','2014-06-28','ikea.university.se','8965F285-E763-IKEA-8163-C52C8B654035','2014-01-17','A5568A76-A9A0-4A80-90E7-843DC6B6C5D3')
INSERT INTO LANGUAGEITEM VALUES('C16C8718-9B1F-4A3A-8E92-457BB0369D4E','sv','V\u00e5rtermin 2014')
INSERT INTO LANGUAGEITEM VALUES('E53581D3-D745-432A-BF42-06811F940170','en','Spring semester 2014')
INSERT INTO ACADEMIC_TERM_NAME VALUES('2FCA750C-1630-477C-AA8E-D9E031150892','C16C8718-9B1F-4A3A-8E92-457BB0369D4E')
INSERT INTO ACADEMIC_TERM_NAME VALUES('2FCA750C-1630-477C-AA8E-D9E031150892','E53581D3-D745-432A-BF42-06811F940170')
INSERT INTO ACADEMICTERM VALUES('45CE3CD7-4687-481B-8650-731DF62BD11C','2015-01-12','ikea.university.se','8965F285-E763-IKEA-8163-C52C8B654035','2014-09-04','B7C16D42-0203-423C-B18C-556DDFA6B913')
INSERT INTO LANGUAGEITEM VALUES('D9703000-DC27-4602-AA09-9AA350319BBD','sv','H\u00f6sttermin 2014')
INSERT INTO LANGUAGEITEM VALUES('94B60B44-114D-467A-845E-89786A9C5D80','en','Fall semester 2014')
INSERT INTO ACADEMIC_TERM_NAME VALUES('45CE3CD7-4687-481B-8650-731DF62BD11C','D9703000-DC27-4602-AA09-9AA350319BBD')
INSERT INTO ACADEMIC_TERM_NAME VALUES('45CE3CD7-4687-481B-8650-731DF62BD11C','94B60B44-114D-467A-845E-89786A9C5D80')
INSERT INTO ACADEMICTERM VALUES('543245AA-5350-430C-B313-C24B5ED5B237','2015-06-27','ikea.university.se','8965F285-E763-IKEA-8163-C52C8B654035','2015-01-13','B7C16D42-0203-423C-B18C-556DDFA6B913')
INSERT INTO LANGUAGEITEM VALUES('8437B5A5-16F7-4CBC-AE97-4F5A9812B49D','sv','V\u00e5rtermin 2015')
INSERT INTO LANGUAGEITEM VALUES('54F6358B-033C-4E92-87BD-D956A25A8BEB','en','Spring semester 2015')
INSERT INTO ACADEMIC_TERM_NAME VALUES('543245AA-5350-430C-B313-C24B5ED5B237','8437B5A5-16F7-4CBC-AE97-4F5A9812B49D')
INSERT INTO ACADEMIC_TERM_NAME VALUES('543245AA-5350-430C-B313-C24B5ED5B237','54F6358B-033C-4E92-87BD-D956A25A8BEB')
INSERT INTO ACADEMICTERM VALUES('CDE650E5-003C-44F6-AD9B-77902B4BF9CF','2016-01-22','ikea.university.se','8965F285-E763-IKEA-8163-C52C8B654035','2015-09-10','00491B88-7D5E-444E-9C15-87E953BD55A3')
INSERT INTO LANGUAGEITEM VALUES('FB2C2E75-4778-4F42-BEEE-6B9384ABFACD','en','Fall semester 2015')
INSERT INTO LANGUAGEITEM VALUES('D1CE9F8B-FF98-4DC9-8579-7C165571B9BC','sv','H\u00f6sttermin 2015')
INSERT INTO ACADEMIC_TERM_NAME VALUES('CDE650E5-003C-44F6-AD9B-77902B4BF9CF','D1CE9F8B-FF98-4DC9-8579-7C165571B9BC')
INSERT INTO ACADEMIC_TERM_NAME VALUES('CDE650E5-003C-44F6-AD9B-77902B4BF9CF','FB2C2E75-4778-4F42-BEEE-6B9384ABFACD')
INSERT INTO ACADEMICTERM VALUES('AFDEF581-D8A4-4E08-9AF7-78325D61EC25','2016-06-29','ikea.university.se','8965F285-E763-IKEA-8163-C52C8B654035','2016-01-23','00491B88-7D5E-444E-9C15-87E953BD55A3')
INSERT INTO LANGUAGEITEM VALUES('944A6EB5-775C-4F40-ADCE-200D1F66BAD5','en','Spring semester 2016')
INSERT INTO LANGUAGEITEM VALUES('96DB2CB9-A766-4E9A-9D32-9DBC9A443D69','sv','V\u00e5rtermin 2016')
INSERT INTO ACADEMIC_TERM_NAME VALUES('AFDEF581-D8A4-4E08-9AF7-78325D61EC25','96DB2CB9-A766-4E9A-9D32-9DBC9A443D69')
INSERT INTO ACADEMIC_TERM_NAME VALUES('AFDEF581-D8A4-4E08-9AF7-78325D61EC25','944A6EB5-775C-4F40-ADCE-200D1F66BAD5')
INSERT INTO ACADEMICTERM VALUES('8D252A5F-D802-4530-8F7E-D3E7A43EDBCB','2017-01-18','ikea.university.se','8965F285-E763-IKEA-8163-C52C8B654035','2016-09-03','6D6ECCBE-3E88-44C7-85E9-E15D4A3E7483')
INSERT INTO LANGUAGEITEM VALUES('7C15937D-0A27-4763-A07A-FC4DD4594BCF','en','Fall semester 2016')
INSERT INTO LANGUAGEITEM VALUES('AC989E6B-24CE-4F4B-833A-4032C4491FA9','sv','H\u00f6sttermin 2016')
INSERT INTO ACADEMIC_TERM_NAME VALUES('8D252A5F-D802-4530-8F7E-D3E7A43EDBCB','AC989E6B-24CE-4F4B-833A-4032C4491FA9')
INSERT INTO ACADEMIC_TERM_NAME VALUES('8D252A5F-D802-4530-8F7E-D3E7A43EDBCB','7C15937D-0A27-4763-A07A-FC4DD4594BCF')
INSERT INTO ACADEMICTERM VALUES('D2C9A52D-2C02-492A-92EC-0BB3A902CED7','2017-06-30','ikea.university.se','8965F285-E763-IKEA-8163-C52C8B654035','2017-01-19','6D6ECCBE-3E88-44C7-85E9-E15D4A3E7483')
INSERT INTO LANGUAGEITEM VALUES('ACAC1698-6E90-46CE-A8B7-354D216C0D48','en','Spring semester 2017')
INSERT INTO LANGUAGEITEM VALUES('5150EF33-7FAE-4EA1-BDFF-AD4FEEBAE5CB','sv','V\u00e5rtermin 2017')
INSERT INTO ACADEMIC_TERM_NAME VALUES('D2C9A52D-2C02-492A-92EC-0BB3A902CED7','5150EF33-7FAE-4EA1-BDFF-AD4FEEBAE5CB')
INSERT INTO ACADEMIC_TERM_NAME VALUES('D2C9A52D-2C02-492A-92EC-0BB3A902CED7','ACAC1698-6E90-46CE-A8B7-354D216C0D48')
INSERT INTO ACADEMICTERM VALUES('09C20292-7C0F-4DD1-BD76-133DA38DEFBD','2018-01-16','ikea.university.se','8965F285-E763-IKEA-8163-C52C8B654035','2017-09-05','D5944864-BFAC-4B36-BC76-BCFABC2DAD64')
INSERT INTO GRADINGSCHEME VALUES('5EC77256-45B6-465C-9690-6017AB9D3757')
INSERT INTO GRADINGSCHEME VALUES('6930FC8A-9C58-40D9-9A01-BA967667274F')
INSERT INTO GRADINGSCHEME VALUES('1F9B5463-C749-41A4-8A60-D1BEA2B8688A')
INSERT INTO LOS VALUES('8965F285-E763-IKEA-8163-C52C8B654033',1,'ikea.university.se',NULL,'IU001',NULL,'125465',TRUE,0)
INSERT INTO LOS VALUES('9CEEE8E3-B9F8-48FE-9146-B8B4F0C6920D',1,'ikea.university.se',NULL,'IUJ05',NULL,NULL,FALSE,0)
INSERT INTO LOS VALUES('DDE49904-51B2-44F3-9925-5D5C46ED2DFB',1,'ikea.university.se',NULL,'IUCL1',NULL,'445677',FALSE,1)
INSERT INTO LOS VALUES('2110C648-D2D1-4E76-8F18-3ACC1E0CFDCF',1,'ikea.university.se',NULL,'IU003',NULL,NULL,TRUE,0)
INSERT INTO LOS VALUES('A4622297-2CE5-499F-B628-C8292798C68D',1,'ikea.university.se',NULL,'MOD01',NULL,NULL,TRUE,2)
INSERT INTO LOS VALUES('33A2622C-5B95-4F8A-A5E0-CC5C8B09DD35',1,'ikea.university.se',NULL,'IUCL2',NULL,'445677',FALSE,1)
INSERT INTO LOS VALUES('6FFBCC52-B9FE-45EE-8C50-FAE2CAC01639',1,'ikea.university.se',NULL,'IUJ04',NULL,NULL,FALSE,0)
INSERT INTO LOS VALUES('F18B3906-7316-4449-AACD-DD88A81D93A8',1,'ikea.university.se',NULL,'IU002',NULL,'125221',TRUE,0)
INSERT INTO MOBILITYTYPE VALUES('8AD34D06-F91F-46B9-AF3A-9EDC90642E14','Studies','Student')
INSERT INTO MOBILITYTYPE VALUES('7F5C2C82-3AE2-43DB-B5A4-8D0E322063C9','Teaching','Staff')
INSERT INTO MOBILITYTYPE VALUES('2C966B53-A6B9-4A8E-A289-6E2467BA0593','Training','Staff')
INSERT INTO MOBILITYTYPE VALUES('515A61EE-B76F-415D-ABE1-229F8A25DC21','Training','Student')
INSERT INTO LANGUAGEITEM VALUES('D777F1CB-6219-43A2-BA3F-5251CD63F7A1','sv','I kursen ges en systematisk framst\u00e4llning av metoder och verktyg f\u00f6r digital bildbehandling.')
INSERT INTO LANGUAGEITEM VALUES('9A1CB147-B888-48FB-95D3-7268374B6100','sv','http://www.iu.se/javaintroduktion')
INSERT INTO LANGUAGEITEM VALUES('FEBCF99B-6D4F-4D89-9858-ED650D7C52FE','en','The aim of the course is to give the student a solid fundament in analytical chemistry.')
INSERT INTO LANGUAGEITEM VALUES('0C6043B4-DC74-4C34-86C9-8BC5F87D918A','en','A,B,C,D,E = passed, F = failed')
INSERT INTO LANGUAGEITEM VALUES('E75B105F-3DE0-4264-8320-E80DFE3AF1AB','sv','Bildbehandling')
INSERT INTO LANGUAGEITEM VALUES('6D45A786-E0AF-444E-BD2F-D0F056378F3A','sv','H\u00f6sttermin 2017')
INSERT INTO LANGUAGEITEM VALUES('C7D98C42-3502-4D9B-9BE7-1EEA2891F4BB','en','Java Introduction')
INSERT INTO LANGUAGEITEM VALUES('AEE6347A-10DB-4391-B572-EDBFFDE4D54C','sv','K\u00e4rnfysik')
INSERT INTO LANGUAGEITEM VALUES('467E5EC2-DAC1-4385-8CF2-06C920264429','sv','http://www.iu.se/javasteg2')
INSERT INTO LANGUAGEITEM VALUES('FF7B3289-8910-49E9-A247-B210DAF81A1B','en','http://www.iu.se/java/en')
INSERT INTO LANGUAGEITEM VALUES('596D4D00-8A7F-41C9-82D3-25A51DBA9E41','en','Java Intro part 1')
INSERT INTO LANGUAGEITEM VALUES('A2D89A6B-61C5-4A1B-A5E7-26C1816294F8','sv','http://www.iu.se/javaintrodel2')
INSERT INTO LANGUAGEITEM VALUES('BF8D9536-36CC-4C50-8597-53CB69E56098','sv','http://www.iu.se/karnfysik')
INSERT INTO LANGUAGEITEM VALUES('1D2C47DE-442B-4FFA-B7C6-9432048B731D','en','http://www.iu.se/javaintroduction')
INSERT INTO LANGUAGEITEM VALUES('03D2A872-BE4B-4526-B163-67A2A3CA82C0','sv','http://www.iu.se/javaintrodel1')
INSERT INTO LANGUAGEITEM VALUES('8022EC83-9D2D-4D4B-9D69-3C830E1994B5','en','G = passed, U = failed')
INSERT INTO LANGUAGEITEM VALUES('2796FF30-6DA5-4A66-B819-9CE9AF682213','en','http://www.iu.se/nuclearphysics')
INSERT INTO LANGUAGEITEM VALUES('D9AEB5D7-E715-4A9F-9451-D09872298293','en','IG')
INSERT INTO LANGUAGEITEM VALUES('24F5ED15-2D42-42C0-BD9B-21B40A96C5E0','sv','http://www.iu.se/java/se')
INSERT INTO LANGUAGEITEM VALUES('738B3FDF-4733-4998-A970-9BA17D5DC3B2','en','Analytical Chemistry')
INSERT INTO LANGUAGEITEM VALUES('CCBC3561-3252-4596-AC92-3ADBB6D59861','sv','Java steg 2')
INSERT INTO LANGUAGEITEM VALUES('7E0CF891-9D9F-40AB-BC92-967CCA74F923','sv','G = godk\u00e4nd, IG = underk\u00e4nd')
INSERT INTO LANGUAGEITEM VALUES('3740856E-A6AD-41CD-8528-C955C8E2B583','en','http://www.iu.se/javaintropart1')
INSERT INTO LANGUAGEITEM VALUES('ABA22543-7D32-4E7A-8EB1-8DC13179CD1D','en','Nuclear physics')
INSERT INTO LANGUAGEITEM VALUES('6599B2C1-4F21-4E84-99C5-7CBD26D5563E','sv','A,B,C,D,E = godk\u00e4nd, F = underk\u00e4nd')
INSERT INTO LANGUAGEITEM VALUES('20E9C338-9C42-44CF-B36E-3873D97AA009','sv','G = godk\u00e4nd, U = underk\u00e4nd')
INSERT INTO LANGUAGEITEM VALUES('B08ACDFE-FB93-4AA0-B7AC-3F81DF81D669','en','http://www.iu.se/javapart2')
INSERT INTO LANGUAGEITEM VALUES('45A1FE03-7483-4087-B74D-69478AC2D8DF','en','Image Processing')
INSERT INTO LANGUAGEITEM VALUES('E1347A9D-BE32-4817-AC41-52CB905E859E','en','The aim of the course is that students achieve knowledge and skills in digital image processing, 2D and 3D processing.')
INSERT INTO LANGUAGEITEM VALUES('AE6344BB-9484-4F0D-80A4-41252B66D9FD','en','The course provides thorough theoretical and experimental knowledge of atomic nuclei properties.')
INSERT INTO LANGUAGEITEM VALUES('1849A9AF-26A4-4F5A-8D3F-7DABA6ADE8BE','sv','Java Programmering')
INSERT INTO LANGUAGEITEM VALUES('C1F01E2B-BE36-439A-AB0C-BFCC38EA9739','sv','Java intro del 2')
INSERT INTO LANGUAGEITEM VALUES('123E07BD-4631-4239-BEB3-3C8C362AC5CA','en','Java part 2')
INSERT INTO LANGUAGEITEM VALUES('E87B3BA9-7E90-4B16-A202-1C09EF1582DC','sv','Analytisk kemi')
INSERT INTO LANGUAGEITEM VALUES('D47DD84A-4CC6-4D8F-B493-A5745BF52904','sv','http://www.iu.se/bildbehandling')
INSERT INTO LANGUAGEITEM VALUES('6D0C87C7-0925-4899-A487-4A99391DF5BE','en','http://www.iu.se/imageprocessing')
INSERT INTO LANGUAGEITEM VALUES('B9789A65-71D9-4F9F-BE39-EF9C03CEC678','sv','Kursen ger grundliga teoretiska och experimentella kunskaper om atomens och atomk\u00e4rnans egenskaper.')
INSERT INTO LANGUAGEITEM VALUES('E10B0366-69C7-477F-A59D-8681DAB94B4D','sv','Java introduktion')
INSERT INTO LANGUAGEITEM VALUES('119F9ED3-DD28-4841-908E-E16288A2B2DB','en','Fall semester 2017')
INSERT INTO LANGUAGEITEM VALUES('3BC1EC3C-CD80-4D2D-BC11-B165D8D21166','sv','Kursens m\u00e5l \u00e4r att ge den studerande ett solitt fundament i analytisk kemi.')
INSERT INTO LANGUAGEITEM VALUES('4897995F-9111-4229-ACD9-FF64F702EFA1','sv','Java intro del 1')
INSERT INTO LANGUAGEITEM VALUES('566666C0-C4FD-43A0-8578-F58447B86364','sv','http://www.iu.se/analytiskkemi')
INSERT INTO LANGUAGEITEM VALUES('BF42FC89-6B1E-4F94-A71B-D135B1EE366B','en','http://www.iu.se/javaintropart2')
INSERT INTO LANGUAGEITEM VALUES('52FAA81F-2516-4F40-AAB0-ACEF3544986B','en','Java Intro part 2')
INSERT INTO LANGUAGEITEM VALUES('823891DB-4842-4F38-AD86-3AABFA05C766','en','http://www.iu.se/analyticalchemistry')
INSERT INTO LANGUAGEITEM VALUES('2212C60D-21E0-4B60-B29D-A4AB18644889','en','G = passed, IG = failed')
INSERT INTO LANGUAGEITEM VALUES('EA3C37CD-9D0D-4838-B297-C78EC62C792A','en','Java Programing')
INSERT INTO LANGUAGEITEM VALUES('43080C23-7FD5-432B-89FD-35C9D2A66E7D','en','AF')
INSERT INTO LANGUAGEITEM VALUES('B4FD6FBE-4F6C-47C6-8FA0-640E79761387','en','D')
INSERT INTO ACADEMIC_TERM_NAME VALUES('09C20292-7C0F-4DD1-BD76-133DA38DEFBD','6D45A786-E0AF-444E-BD2F-D0F056378F3A')
INSERT INTO ACADEMIC_TERM_NAME VALUES('09C20292-7C0F-4DD1-BD76-133DA38DEFBD','119F9ED3-DD28-4841-908E-E16288A2B2DB')
INSERT INTO GRADING_SCHEME_DESC VALUES('5EC77256-45B6-465C-9690-6017AB9D3757','6599B2C1-4F21-4E84-99C5-7CBD26D5563E')
INSERT INTO GRADING_SCHEME_DESC VALUES('5EC77256-45B6-465C-9690-6017AB9D3757','0C6043B4-DC74-4C34-86C9-8BC5F87D918A')
INSERT INTO GRADING_SCHEME_DESC VALUES('6930FC8A-9C58-40D9-9A01-BA967667274F','7E0CF891-9D9F-40AB-BC92-967CCA74F923')
INSERT INTO GRADING_SCHEME_DESC VALUES('6930FC8A-9C58-40D9-9A01-BA967667274F','2212C60D-21E0-4B60-B29D-A4AB18644889')
INSERT INTO GRADING_SCHEME_DESC VALUES('1F9B5463-C749-41A4-8A60-D1BEA2B8688A','20E9C338-9C42-44CF-B36E-3873D97AA009')
INSERT INTO GRADING_SCHEME_DESC VALUES('1F9B5463-C749-41A4-8A60-D1BEA2B8688A','8022EC83-9D2D-4D4B-9D69-3C830E1994B5')
INSERT INTO GRADING_SCHEME_LABEL VALUES('5EC77256-45B6-465C-9690-6017AB9D3757','43080C23-7FD5-432B-89FD-35C9D2A66E7D')
INSERT INTO GRADING_SCHEME_LABEL VALUES('6930FC8A-9C58-40D9-9A01-BA967667274F','D9AEB5D7-E715-4A9F-9451-D09872298293')
INSERT INTO GRADING_SCHEME_LABEL VALUES('1F9B5463-C749-41A4-8A60-D1BEA2B8688A','B4FD6FBE-4F6C-47C6-8FA0-640E79761387')
INSERT INTO LOS_DESCRIPTION VALUES('8965F285-E763-IKEA-8163-C52C8B654033','3BC1EC3C-CD80-4D2D-BC11-B165D8D21166')
INSERT INTO LOS_DESCRIPTION VALUES('8965F285-E763-IKEA-8163-C52C8B654033','FEBCF99B-6D4F-4D89-9858-ED650D7C52FE')
INSERT INTO LOS_DESCRIPTION VALUES('2110C648-D2D1-4E76-8F18-3ACC1E0CFDCF','D777F1CB-6219-43A2-BA3F-5251CD63F7A1')
INSERT INTO LOS_DESCRIPTION VALUES('2110C648-D2D1-4E76-8F18-3ACC1E0CFDCF','E1347A9D-BE32-4817-AC41-52CB905E859E')
INSERT INTO LOS_DESCRIPTION VALUES('F18B3906-7316-4449-AACD-DD88A81D93A8','B9789A65-71D9-4F9F-BE39-EF9C03CEC678')
INSERT INTO LOS_DESCRIPTION VALUES('F18B3906-7316-4449-AACD-DD88A81D93A8','AE6344BB-9484-4F0D-80A4-41252B66D9FD')
INSERT INTO LOS_LOS VALUES('9CEEE8E3-B9F8-48FE-9146-B8B4F0C6920D','DDE49904-51B2-44F3-9925-5D5C46ED2DFB')
INSERT INTO LOS_LOS VALUES('9CEEE8E3-B9F8-48FE-9146-B8B4F0C6920D','33A2622C-5B95-4F8A-A5E0-CC5C8B09DD35')
INSERT INTO LOS_LOS VALUES('A4622297-2CE5-499F-B628-C8292798C68D','6FFBCC52-B9FE-45EE-8C50-FAE2CAC01639')
INSERT INTO LOS_LOS VALUES('A4622297-2CE5-499F-B628-C8292798C68D','9CEEE8E3-B9F8-48FE-9146-B8B4F0C6920D')
INSERT INTO LOS_NAME VALUES('8965F285-E763-IKEA-8163-C52C8B654033','E87B3BA9-7E90-4B16-A202-1C09EF1582DC')
INSERT INTO LOS_NAME VALUES('8965F285-E763-IKEA-8163-C52C8B654033','738B3FDF-4733-4998-A970-9BA17D5DC3B2')
INSERT INTO LOS_NAME VALUES('9CEEE8E3-B9F8-48FE-9146-B8B4F0C6920D','CCBC3561-3252-4596-AC92-3ADBB6D59861')
INSERT INTO LOS_NAME VALUES('9CEEE8E3-B9F8-48FE-9146-B8B4F0C6920D','123E07BD-4631-4239-BEB3-3C8C362AC5CA')
INSERT INTO LOS_NAME VALUES('DDE49904-51B2-44F3-9925-5D5C46ED2DFB','4897995F-9111-4229-ACD9-FF64F702EFA1')
INSERT INTO LOS_NAME VALUES('DDE49904-51B2-44F3-9925-5D5C46ED2DFB','596D4D00-8A7F-41C9-82D3-25A51DBA9E41')
INSERT INTO LOS_NAME VALUES('2110C648-D2D1-4E76-8F18-3ACC1E0CFDCF','E75B105F-3DE0-4264-8320-E80DFE3AF1AB')
INSERT INTO LOS_NAME VALUES('2110C648-D2D1-4E76-8F18-3ACC1E0CFDCF','45A1FE03-7483-4087-B74D-69478AC2D8DF')
INSERT INTO LOS_NAME VALUES('A4622297-2CE5-499F-B628-C8292798C68D','1849A9AF-26A4-4F5A-8D3F-7DABA6ADE8BE')
INSERT INTO LOS_NAME VALUES('A4622297-2CE5-499F-B628-C8292798C68D','EA3C37CD-9D0D-4838-B297-C78EC62C792A')
INSERT INTO LOS_NAME VALUES('33A2622C-5B95-4F8A-A5E0-CC5C8B09DD35','C1F01E2B-BE36-439A-AB0C-BFCC38EA9739')
INSERT INTO LOS_NAME VALUES('33A2622C-5B95-4F8A-A5E0-CC5C8B09DD35','52FAA81F-2516-4F40-AAB0-ACEF3544986B')
INSERT INTO LOS_NAME VALUES('6FFBCC52-B9FE-45EE-8C50-FAE2CAC01639','E10B0366-69C7-477F-A59D-8681DAB94B4D')
INSERT INTO LOS_NAME VALUES('6FFBCC52-B9FE-45EE-8C50-FAE2CAC01639','C7D98C42-3502-4D9B-9BE7-1EEA2891F4BB')
INSERT INTO LOS_NAME VALUES('F18B3906-7316-4449-AACD-DD88A81D93A8','AEE6347A-10DB-4391-B572-EDBFFDE4D54C')
INSERT INTO LOS_NAME VALUES('F18B3906-7316-4449-AACD-DD88A81D93A8','ABA22543-7D32-4E7A-8EB1-8DC13179CD1D')
INSERT INTO LOS_URLS VALUES('8965F285-E763-IKEA-8163-C52C8B654033','566666C0-C4FD-43A0-8578-F58447B86364')
INSERT INTO LOS_URLS VALUES('8965F285-E763-IKEA-8163-C52C8B654033','823891DB-4842-4F38-AD86-3AABFA05C766')
INSERT INTO LOS_URLS VALUES('9CEEE8E3-B9F8-48FE-9146-B8B4F0C6920D','467E5EC2-DAC1-4385-8CF2-06C920264429')
INSERT INTO LOS_URLS VALUES('9CEEE8E3-B9F8-48FE-9146-B8B4F0C6920D','B08ACDFE-FB93-4AA0-B7AC-3F81DF81D669')
INSERT INTO LOS_URLS VALUES('DDE49904-51B2-44F3-9925-5D5C46ED2DFB','03D2A872-BE4B-4526-B163-67A2A3CA82C0')
INSERT INTO LOS_URLS VALUES('DDE49904-51B2-44F3-9925-5D5C46ED2DFB','3740856E-A6AD-41CD-8528-C955C8E2B583')
INSERT INTO LOS_URLS VALUES('2110C648-D2D1-4E76-8F18-3ACC1E0CFDCF','D47DD84A-4CC6-4D8F-B493-A5745BF52904')
INSERT INTO LOS_URLS VALUES('2110C648-D2D1-4E76-8F18-3ACC1E0CFDCF','6D0C87C7-0925-4899-A487-4A99391DF5BE')
INSERT INTO LOS_URLS VALUES('A4622297-2CE5-499F-B628-C8292798C68D','24F5ED15-2D42-42C0-BD9B-21B40A96C5E0')
INSERT INTO LOS_URLS VALUES('A4622297-2CE5-499F-B628-C8292798C68D','FF7B3289-8910-49E9-A247-B210DAF81A1B')
INSERT INTO LOS_URLS VALUES('33A2622C-5B95-4F8A-A5E0-CC5C8B09DD35','A2D89A6B-61C5-4A1B-A5E7-26C1816294F8')
INSERT INTO LOS_URLS VALUES('33A2622C-5B95-4F8A-A5E0-CC5C8B09DD35','BF42FC89-6B1E-4F94-A71B-D135B1EE366B')
INSERT INTO LOS_URLS VALUES('6FFBCC52-B9FE-45EE-8C50-FAE2CAC01639','9A1CB147-B888-48FB-95D3-7268374B6100')
INSERT INTO LOS_URLS VALUES('6FFBCC52-B9FE-45EE-8C50-FAE2CAC01639','1D2C47DE-442B-4FFA-B7C6-9432048B731D')
INSERT INTO LOS_URLS VALUES('F18B3906-7316-4449-AACD-DD88A81D93A8','BF8D9536-36CC-4C50-8597-53CB69E56098')
INSERT INTO LOS_URLS VALUES('F18B3906-7316-4449-AACD-DD88A81D93A8','2796FF30-6DA5-4A66-B819-9CE9AF682213')
INSERT INTO CREDIT VALUES('B4FDAFF8-8A2C-4977-9A7D-733E095647A1','Bachelor','ects',5.0)
INSERT INTO CREDIT VALUES('D8294509-721B-4763-A9AB-B5259F71141D','Bachelor','hp',10.0)
INSERT INTO CREDIT VALUES('42789D94-CC75-402B-AE2B-47E23D283EF1','Bachelor','ects',7.5)
INSERT INTO CREDIT VALUES('76069AC1-F0BA-4E0A-B9BF-BFF3F6E1DE5E','Bachelor','ects',7.5)
INSERT INTO RESULTDISTRIBUTION VALUES('39E59047-F5CD-46C9-8232-B99B7666689B')
INSERT INTO RESULTDISTRIBUTION VALUES('E5CAE95A-935C-41F4-95DC-E9B9886B636C')
INSERT INTO LOI VALUES('04EF83B8-DEAB-42FE-A111-3F07B6B7CB9C',40,'en','CDE650E5-003C-44F6-AD9B-77902B4BF9CF','5EC77256-45B6-465C-9690-6017AB9D3757','39E59047-F5CD-46C9-8232-B99B7666689B')
INSERT INTO LOI VALUES('8965F285-E763-IKEA-8163-C52C8B654032',NULL,'en','8D252A5F-D802-4530-8F7E-D3E7A43EDBCB','5EC77256-45B6-465C-9690-6017AB9D3757',NULL)
INSERT INTO LOI VALUES('C3ACC6C7-60E5-45BB-A1E2-A791A224BAEF',60,'en','AFDEF581-D8A4-4E08-9AF7-78325D61EC25','5EC77256-45B6-465C-9690-6017AB9D3757','E5CAE95A-935C-41F4-95DC-E9B9886B636C')
INSERT INTO RESULTDISTRIBUTIONCATEGORY VALUES('5B30E9C1-7780-409E-975D-79D6D9AA62F0',2,'F')
INSERT INTO RESULTDISTRIBUTIONCATEGORY VALUES('D29ACD53-CE02-4C05-B264-6D0598DCE140',5,'B')
INSERT INTO RESULTDISTRIBUTIONCATEGORY VALUES('A2FD3B23-F96B-42BF-85C3-F5CFEEE4118A',1,'A')
INSERT INTO RESULTDISTRIBUTIONCATEGORY VALUES('BB3731E2-3A96-4BCC-9A09-3C2A000B4F9F',6,'D')
INSERT INTO RESULTDISTRIBUTIONCATEGORY VALUES('9D7ABF41-6F6A-4E94-B8DD-D9485CF1435A',3,'B')
INSERT INTO RESULTDISTRIBUTIONCATEGORY VALUES('0216D32E-5983-43F7-BA3A-F312C4997AFF',4,'A')
INSERT INTO RESULTDISTRIBUTIONCATEGORY VALUES('E92E41B3-87B6-486B-B190-00380A37DE2B',3,'E')
INSERT INTO RESULTDISTRIBUTIONCATEGORY VALUES('1724FAA3-E690-4A51-81EC-F8EB67F7C0CA',12,'C')
INSERT INTO LANGUAGEITEM VALUES('2D9B8E75-BBC0-49F5-B875-07B771AF2779','en','Grades A-E have passed')
INSERT INTO LANGUAGEITEM VALUES('6BF4A89B-FC5F-4E7B-99D5-5FA14D332634','sv','Betyg A-E har godk\u00e4nt')
INSERT INTO LANGUAGEITEM VALUES('9B2689CD-7FB4-4BED-A8F4-FDFE53D20F49','sv','Betyg A-E har godk\u00e4nt')
INSERT INTO LANGUAGEITEM VALUES('1FD7410B-8BD3-4A4C-A675-40FA3513A233','en','Grades A-E have passed')
INSERT INTO DISTR_DESCRIPTION VALUES('39E59047-F5CD-46C9-8232-B99B7666689B','1FD7410B-8BD3-4A4C-A675-40FA3513A233')
INSERT INTO DISTR_DESCRIPTION VALUES('39E59047-F5CD-46C9-8232-B99B7666689B','9B2689CD-7FB4-4BED-A8F4-FDFE53D20F49')
INSERT INTO DISTR_DESCRIPTION VALUES('E5CAE95A-935C-41F4-95DC-E9B9886B636C','2D9B8E75-BBC0-49F5-B875-07B771AF2779')
INSERT INTO DISTR_DESCRIPTION VALUES('E5CAE95A-935C-41F4-95DC-E9B9886B636C','6BF4A89B-FC5F-4E7B-99D5-5FA14D332634')
INSERT INTO DISTR_CATEGORIES VALUES('39E59047-F5CD-46C9-8232-B99B7666689B','0216D32E-5983-43F7-BA3A-F312C4997AFF')
INSERT INTO DISTR_CATEGORIES VALUES('39E59047-F5CD-46C9-8232-B99B7666689B','D29ACD53-CE02-4C05-B264-6D0598DCE140')
INSERT INTO DISTR_CATEGORIES VALUES('39E59047-F5CD-46C9-8232-B99B7666689B','1724FAA3-E690-4A51-81EC-F8EB67F7C0CA')
INSERT INTO DISTR_CATEGORIES VALUES('39E59047-F5CD-46C9-8232-B99B7666689B','5B30E9C1-7780-409E-975D-79D6D9AA62F0')
INSERT INTO DISTR_CATEGORIES VALUES('E5CAE95A-935C-41F4-95DC-E9B9886B636C','A2FD3B23-F96B-42BF-85C3-F5CFEEE4118A')
INSERT INTO DISTR_CATEGORIES VALUES('E5CAE95A-935C-41F4-95DC-E9B9886B636C','9D7ABF41-6F6A-4E94-B8DD-D9485CF1435A')
INSERT INTO DISTR_CATEGORIES VALUES('E5CAE95A-935C-41F4-95DC-E9B9886B636C','BB3731E2-3A96-4BCC-9A09-3C2A000B4F9F')
INSERT INTO DISTR_CATEGORIES VALUES('E5CAE95A-935C-41F4-95DC-E9B9886B636C','E92E41B3-87B6-486B-B190-00380A37DE2B')
INSERT INTO LOI_CREDITS VALUES('04EF83B8-DEAB-42FE-A111-3F07B6B7CB9C','B4FDAFF8-8A2C-4977-9A7D-733E095647A1')
INSERT INTO LOI_CREDITS VALUES('04EF83B8-DEAB-42FE-A111-3F07B6B7CB9C','D8294509-721B-4763-A9AB-B5259F71141D')
INSERT INTO LOI_CREDITS VALUES('8965F285-E763-IKEA-8163-C52C8B654032','42789D94-CC75-402B-AE2B-47E23D283EF1')
INSERT INTO LOI_CREDITS VALUES('C3ACC6C7-60E5-45BB-A1E2-A791A224BAEF','76069AC1-F0BA-4E0A-B9BF-BFF3F6E1DE5E')
INSERT INTO LOS_LOI VALUES('8965F285-E763-IKEA-8163-C52C8B654033','8965F285-E763-IKEA-8163-C52C8B654032')
INSERT INTO LOS_LOI VALUES('8965F285-E763-IKEA-8163-C52C8B654033','C3ACC6C7-60E5-45BB-A1E2-A791A224BAEF')
INSERT INTO LOS_LOI VALUES('8965F285-E763-IKEA-8163-C52C8B654033','04EF83B8-DEAB-42FE-A111-3F07B6B7CB9C')
INSERT INTO CREDIT VALUES('3BD69D16-B941-483F-A1EE-7A86537494EE','Bachelor','hp',30.0)
INSERT INTO CREDIT VALUES('B9807859-3E17-4940-9C27-43581B212EFB','Master','ects',15.0)
INSERT INTO CREDIT VALUES('70FA07F7-E2EB-49AC-9A02-63EFA965F367','Bachelor','hp',30.0)
INSERT INTO CREDIT VALUES('FA5D9A24-7173-49F8-B56E-495DED59024F','Master','ects',15.0)
INSERT INTO LOI VALUES('4E431EAA-CC9A-4780-B0F7-347153E1FDB3',NULL,'en','CDE650E5-003C-44F6-AD9B-77902B4BF9CF','1F9B5463-C749-41A4-8A60-D1BEA2B8688A',NULL)
INSERT INTO LOI VALUES('0959958E-C088-4550-B97D-B4ACF57DBA27',NULL,'en','AFDEF581-D8A4-4E08-9AF7-78325D61EC25','1F9B5463-C749-41A4-8A60-D1BEA2B8688A',NULL)
INSERT INTO LOI_CREDITS VALUES('4E431EAA-CC9A-4780-B0F7-347153E1FDB3','FA5D9A24-7173-49F8-B56E-495DED59024F')
INSERT INTO LOI_CREDITS VALUES('4E431EAA-CC9A-4780-B0F7-347153E1FDB3','70FA07F7-E2EB-49AC-9A02-63EFA965F367')
INSERT INTO LOI_CREDITS VALUES('0959958E-C088-4550-B97D-B4ACF57DBA27','B9807859-3E17-4940-9C27-43581B212EFB')
INSERT INTO LOI_CREDITS VALUES('0959958E-C088-4550-B97D-B4ACF57DBA27','3BD69D16-B941-483F-A1EE-7A86537494EE')
INSERT INTO LOS_LOI VALUES('F18B3906-7316-4449-AACD-DD88A81D93A8','4E431EAA-CC9A-4780-B0F7-347153E1FDB3')
INSERT INTO LOS_LOI VALUES('F18B3906-7316-4449-AACD-DD88A81D93A8','0959958E-C088-4550-B97D-B4ACF57DBA27')
INSERT INTO CREDIT VALUES('770D8D9D-0C89-47DD-AFA0-4D3A38C37703','Bachelor','ects',15.0)
INSERT INTO CREDIT VALUES('5ACAEFE0-30CC-411F-93A7-CD1F438D25AE','Bachelor','hp',30.0)
INSERT INTO LOI VALUES('06C6EB6F-107B-43A5-932C-9980A870FAA3',NULL,'en','543245AA-5350-430C-B313-C24B5ED5B237','5EC77256-45B6-465C-9690-6017AB9D3757',NULL)
INSERT INTO LOI_CREDITS VALUES('06C6EB6F-107B-43A5-932C-9980A870FAA3','770D8D9D-0C89-47DD-AFA0-4D3A38C37703')
INSERT INTO LOI_CREDITS VALUES('06C6EB6F-107B-43A5-932C-9980A870FAA3','5ACAEFE0-30CC-411F-93A7-CD1F438D25AE')
INSERT INTO LOS_LOI VALUES('A4622297-2CE5-499F-B628-C8292798C68D','06C6EB6F-107B-43A5-932C-9980A870FAA3')
INSERT INTO CREDIT VALUES('8D5F05AB-237B-46A3-8311-08F185C4DAAE','Bachelor','ects',7.5)
INSERT INTO LOI VALUES('3284C765-980B-4C63-AE35-9A1F84A5C521',NULL,'en','543245AA-5350-430C-B313-C24B5ED5B237','5EC77256-45B6-465C-9690-6017AB9D3757',NULL)
INSERT INTO LOI_CREDITS VALUES('3284C765-980B-4C63-AE35-9A1F84A5C521','8D5F05AB-237B-46A3-8311-08F185C4DAAE')
INSERT INTO LOS_LOI VALUES('6FFBCC52-B9FE-45EE-8C50-FAE2CAC01639','3284C765-980B-4C63-AE35-9A1F84A5C521')
INSERT INTO CREDIT VALUES('CD3B0282-9BCE-4049-8DDC-AD508AA6DE14','Bachelor','ects',7.5)
INSERT INTO LOI VALUES('2E98BE61-7A6D-4BF3-99CC-CA33F4729992',NULL,'en','543245AA-5350-430C-B313-C24B5ED5B237','1F9B5463-C749-41A4-8A60-D1BEA2B8688A',NULL)
INSERT INTO LOI_CREDITS VALUES('2E98BE61-7A6D-4BF3-99CC-CA33F4729992','CD3B0282-9BCE-4049-8DDC-AD508AA6DE14')
INSERT INTO LOS_LOI VALUES('9CEEE8E3-B9F8-48FE-9146-B8B4F0C6920D','2E98BE61-7A6D-4BF3-99CC-CA33F4729992')
INSERT INTO CREDIT VALUES('FB8C614F-95D4-442F-87BB-CCB390FF3019','Bachelor','ects',3.5)
INSERT INTO CREDIT VALUES('99E07BBA-411E-467D-86A6-058589390A62','Bachelor','hp',7.0)
INSERT INTO LOI VALUES('6D7A839E-4C63-4CAB-A13B-DC433DE48CB9',NULL,'en','543245AA-5350-430C-B313-C24B5ED5B237','6930FC8A-9C58-40D9-9A01-BA967667274F',NULL)
INSERT INTO LOI_CREDITS VALUES('6D7A839E-4C63-4CAB-A13B-DC433DE48CB9','FB8C614F-95D4-442F-87BB-CCB390FF3019')
INSERT INTO LOI_CREDITS VALUES('6D7A839E-4C63-4CAB-A13B-DC433DE48CB9','99E07BBA-411E-467D-86A6-058589390A62')
INSERT INTO LOS_LOI VALUES('DDE49904-51B2-44F3-9925-5D5C46ED2DFB','6D7A839E-4C63-4CAB-A13B-DC433DE48CB9')
INSERT INTO CREDIT VALUES('28E67906-D71A-4631-9E0B-3941D9AAC6E3','Bachelor','ects',4.0)
INSERT INTO LOI VALUES('33EAEB31-87AF-4E98-A37B-DC910DED08DC',NULL,'en','543245AA-5350-430C-B313-C24B5ED5B237','1F9B5463-C749-41A4-8A60-D1BEA2B8688A',NULL)
INSERT INTO LOI_CREDITS VALUES('33EAEB31-87AF-4E98-A37B-DC910DED08DC','28E67906-D71A-4631-9E0B-3941D9AAC6E3')
INSERT INTO LOS_LOI VALUES('33A2622C-5B95-4F8A-A5E0-CC5C8B09DD35','33EAEB31-87AF-4E98-A37B-DC910DED08DC')
INSERT INTO DURATION VALUES('C849F45B-5E02-416F-80C1-9FB188DB5D65',11.0,'Days')
INSERT INTO DURATION VALUES('59894971-705A-4BC5-B436-31BD7D1EC737',20.0,'Weeks')
INSERT INTO MOBILITYNUMBER VALUES('08E1398D-DC78-4CAD-BE6C-607FCAF63EAD',3,'Average')
INSERT INTO MOBILITYNUMBER VALUES('5FCC53AB-AEB9-45D5-9B5C-7565B344F821',8,'Total')
INSERT INTO IIAPARTNER VALUES('1C21A2A9-C095-4718-84C7-27F7D40815CD','pomodoro.university.it','8965F285-E763-POMO-8163-C52C8B654030')
INSERT INTO IIAPARTNER VALUES('EEF3F58E-D6DB-485E-92D5-893A95ADA199','ikea.university.se','8965F285-E763-IKEA-8163-C52C8B654035')
INSERT INTO IIAPARTNER VALUES('BA2DDD88-F12D-49B6-95E7-83DEFFC2287F','pomodoro.university.it','8965F285-E763-POMO-8163-C52C8B654030')
INSERT INTO IIAPARTNER VALUES('88F6CAA1-AE23-4C43-8DE5-6CD415E94EFD','ikea.university.se','8965F285-E763-IKEA-8163-C52C8B654035')
INSERT INTO IIA VALUES('48F59EBF-8F5A-43CA-A11D-E36B57C618B4','2017-01-01','IK-POM-01',NULL,'2016-01-01')
INSERT INTO COOPERATIONCONDITION VALUES('5AE5A46C-E5D9-4F4E-B5D0-EFEF3BFE458D','2016-06-29',8,'2016-01-01','8AD34D06-F91F-46B9-AF3A-9EDC90642E14','59894971-705A-4BC5-B436-31BD7D1EC737','08E1398D-DC78-4CAD-BE6C-607FCAF63EAD','BA2DDD88-F12D-49B6-95E7-83DEFFC2287F','88F6CAA1-AE23-4C43-8DE5-6CD415E94EFD',NULL)
INSERT INTO COOPERATIONCONDITION VALUES('15DD392E-5394-4ECE-BE2C-F125C7AE62A9','2016-04-02',5,'2016-03-15','2C966B53-A6B9-4A8E-A289-6E2467BA0593','C849F45B-5E02-416F-80C1-9FB188DB5D65','5FCC53AB-AEB9-45D5-9B5C-7565B344F821','EEF3F58E-D6DB-485E-92D5-893A95ADA199','1C21A2A9-C095-4718-84C7-27F7D40815CD',NULL)
INSERT INTO IIA_PARTNER_CONTACTS VALUES('EEF3F58E-D6DB-485E-92D5-893A95ADA199','49DCB2F7-1FB0-48CD-B066-C6BC73E333DA')
INSERT INTO IIA_PARTNER_CONTACTS VALUES('EEF3F58E-D6DB-485E-92D5-893A95ADA199','6CD1AE26-168D-436A-B0E7-A2752F57A1C3')
INSERT INTO IIA_PARTNER_CONTACTS VALUES('EEF3F58E-D6DB-485E-92D5-893A95ADA199','B0097A61-D627-474C-8359-2A9D0D5EBB69')
INSERT INTO IIA_PARTNER_CONTACTS VALUES('88F6CAA1-AE23-4C43-8DE5-6CD415E94EFD','49DCB2F7-1FB0-48CD-B066-C6BC73E333DA')
INSERT INTO IIA_PARTNER_CONTACTS VALUES('88F6CAA1-AE23-4C43-8DE5-6CD415E94EFD','6CD1AE26-168D-436A-B0E7-A2752F57A1C3')
INSERT INTO IIA_PARTNER_CONTACTS VALUES('88F6CAA1-AE23-4C43-8DE5-6CD415E94EFD','B0097A61-D627-474C-8359-2A9D0D5EBB69')
DELETE FROM COOPERATIONCONDITION WHERE ID='5AE5A46C-E5D9-4F4E-B5D0-EFEF3BFE458D'
INSERT INTO COOPERATIONCONDITION VALUES('5AE5A46C-E5D9-4F4E-B5D0-EFEF3BFE458D','2016-06-29',8,'2016-01-01','8AD34D06-F91F-46B9-AF3A-9EDC90642E14','59894971-705A-4BC5-B436-31BD7D1EC737','08E1398D-DC78-4CAD-BE6C-607FCAF63EAD','BA2DDD88-F12D-49B6-95E7-83DEFFC2287F','88F6CAA1-AE23-4C43-8DE5-6CD415E94EFD','48F59EBF-8F5A-43CA-A11D-E36B57C618B4')
DELETE FROM COOPERATIONCONDITION WHERE ID='15DD392E-5394-4ECE-BE2C-F125C7AE62A9'
INSERT INTO COOPERATIONCONDITION VALUES('15DD392E-5394-4ECE-BE2C-F125C7AE62A9','2016-04-02',5,'2016-03-15','2C966B53-A6B9-4A8E-A289-6E2467BA0593','C849F45B-5E02-416F-80C1-9FB188DB5D65','5FCC53AB-AEB9-45D5-9B5C-7565B344F821','EEF3F58E-D6DB-485E-92D5-893A95ADA199','1C21A2A9-C095-4718-84C7-27F7D40815CD','48F59EBF-8F5A-43CA-A11D-E36B57C618B4')
INSERT INTO LEARNINGAGREEMENT VALUES('21235C16-D874-4D82-9B06-FBBADB57B76F',1)
INSERT INTO MOBILITY VALUES('42C6A31E-9D4C-4BF1-A0FE-A3FE73A32C0D','5AE5A46C-E5D9-4F4E-B5D0-EFEF3BFE458D',3,'48F59EBF-8F5A-43CA-A11D-E36B57C618B4','ISC123','8965F285-E763-IKEA-STUD-C52C8B654030',1,'2017-03-14','2017-05-15','pomodoro.university.it','8965F285-E763-POMO-8163-C52C8B654030','ikea.university.se','8965F285-E763-IKEA-8163-C52C8B654035',2,'8AD34D06-F91F-46B9-AF3A-9EDC90642E14','21235C16-D874-4D82-9B06-FBBADB57B76F')
INSERT INTO RECOGNIZEDLACOMPONENT VALUES('A075879B-FAAC-403A-AEDE-CD75C4ACFBD6','8965F285-E763-IKEA-8163-C52C8B654032','8965F285-E763-IKEA-8163-C52C8B654033',NULL)
INSERT INTO STUDIEDLACOMPONENT VALUES('69FCB1FB-0389-4AF5-87F7-5B95F737F791','Fall semester 2015','8965F285-E763-IKEA-8163-C52C8B654032',NULL,'8965F285-E763-IKEA-8163-C52C8B654033',0,'Data Collection and Analysis')
INSERT INTO RECOGNIZED_LA_COMPONENT VALUES('21235C16-D874-4D82-9B06-FBBADB57B76F','A075879B-FAAC-403A-AEDE-CD75C4ACFBD6')
INSERT INTO STUDIED_LA_COMPONENT VALUES('21235C16-D874-4D82-9B06-FBBADB57B76F','69FCB1FB-0389-4AF5-87F7-5B95F737F791')
